{
  "properties": {
    "connectionReferences": {
      "shared_commondataserviceforapps": {
        "runtimeSource": "embedded",
        "connection": {
          "connectionReferenceLogicalName": "crca7_sharedcommondataserviceforapps_ed7ae"
        },
        "api": {
          "name": "shared_commondataserviceforapps"
        }
      },
      "shared_office365": {
        "runtimeSource": "embedded",
        "connection": {
          "connectionReferenceLogicalName": "crca7_sharedoffice365_e45e0"
        },
        "api": {
          "name": "shared_office365"
        }
      }
    },
    "definition": {
      "$schema": "https://schema.management.azure.com/providers/Microsoft.Logic/schemas/2016-06-01/workflowdefinition.json#",
      "contentVersion": "1.0.0.0",
      "parameters": {
        "$connections": {
          "defaultValue": {},
          "type": "Object"
        },
        "$authentication": {
          "defaultValue": {},
          "type": "SecureObject"
        }
      },
      "triggers": {
        "When_a_row_is_added,_modified_or_deleted": {
          "metadata": {
            "operationMetadataId": "e5220d1c-72e8-47dc-8348-779471c79472"
          },
          "type": "OpenApiConnectionWebhook",
          "inputs": {
            "host": {
              "connectionName": "shared_commondataserviceforapps",
              "operationId": "SubscribeWebhookTrigger",
              "apiId": "/providers/Microsoft.PowerApps/apis/shared_commondataserviceforapps"
            },
            "parameters": {
              "subscriptionRequest/message": 3,
              "subscriptionRequest/entityname": "new_employeeobbpf",
              "subscriptionRequest/scope": 4
            },
            "authentication": "@parameters('$authentication')"
          }
        }
      },
      "actions": {
        "Get_a_row_by_ID": {
          "runAfter": {},
          "metadata": {
            "operationMetadataId": "0bc37a59-7f12-43f0-b1c8-3510d88e166c"
          },
          "type": "OpenApiConnection",
          "inputs": {
            "host": {
              "connectionName": "shared_commondataserviceforapps",
              "operationId": "GetItem",
              "apiId": "/providers/Microsoft.PowerApps/apis/shared_commondataserviceforapps"
            },
            "parameters": {
              "entityName": "processstages",
              "recordId": "@triggerOutputs()?['body/_activestageid_value']"
            },
            "authentication": "@parameters('$authentication')"
          }
        },
        "Get_a_row_by_ID_2": {
          "runAfter": {
            "Get_a_row_by_ID": [
              "Succeeded"
            ]
          },
          "metadata": {
            "operationMetadataId": "ca2af634-c8c2-4a16-92b8-69614229f349"
          },
          "type": "OpenApiConnection",
          "inputs": {
            "host": {
              "connectionName": "shared_commondataserviceforapps",
              "operationId": "GetItem",
              "apiId": "/providers/Microsoft.PowerApps/apis/shared_commondataserviceforapps"
            },
            "parameters": {
              "entityName": "crca7_employeeonboards",
              "recordId": "@triggerOutputs()?['body/_bpf_crca7_employeeonboardid_value']"
            },
            "authentication": "@parameters('$authentication')"
          }
        },
        "Switch": {
          "runAfter": {
            "Initialize_variable": [
              "Succeeded"
            ]
          },
          "cases": {
            "Case": {
              "case": "IT Admin",
              "actions": {
                "Send_an_email_(V2)": {
                  "runAfter": {},
                  "type": "OpenApiConnection",
                  "inputs": {
                    "host": {
                      "connectionName": "shared_office365",
                      "operationId": "SendEmailV2",
                      "apiId": "/providers/Microsoft.PowerApps/apis/shared_office365"
                    },
                    "parameters": {
                      "emailMessage/To": "terencejnr@sina.com",
                      "emailMessage/Subject": "IT Admin - New Employee Request Received",
                      "emailMessage/Body": "<p>Hello, IT Admin<br>\n<br>\nThe new employee named :@{outputs('Get_a_row_by_ID_2')?['body/crca7_employeename']} &nbsp;is joining. Please perform the following task for them.<br>\n<a href = \"@{variables('vRedirectURL')}\"> Click Here </a>\n</p>"
                    },
                    "authentication": "@parameters('$authentication')"
                  }
                }
              }
            },
            "Case_2": {
              "case": "Laoban",
              "actions": {
                "Send_an_email_(V2)_2": {
                  "runAfter": {},
                  "type": "OpenApiConnection",
                  "inputs": {
                    "host": {
                      "connectionName": "shared_office365",
                      "operationId": "SendEmailV2",
                      "apiId": "/providers/Microsoft.PowerApps/apis/shared_office365"
                    },
                    "parameters": {
                      "emailMessage/To": "terencejnr@sina.com",
                      "emailMessage/Subject": "Laoban - New Employee Request Received",
                      "emailMessage/Body": "<p>Hello, Laoban<br>\nPlease complete your steps for new employee &nbsp;:@{outputs('Get_a_row_by_ID_2')?['body/crca7_employeename']}'s OB process.\n<br>\n<a href = \"@{variables('vRedirectURL')}\"> Click Here </a>\n\n</p>"
                    },
                    "authentication": "@parameters('$authentication')"
                  }
                }
              }
            },
            "Case_3": {
              "case": "Day 1 Noob",
              "actions": {
                "Send_an_email_(V2)_3": {
                  "runAfter": {},
                  "type": "OpenApiConnection",
                  "inputs": {
                    "host": {
                      "connectionName": "shared_office365",
                      "operationId": "SendEmailV2",
                      "apiId": "/providers/Microsoft.PowerApps/apis/shared_office365"
                    },
                    "parameters": {
                      "emailMessage/To": "terencejnr@sina.com",
                      "emailMessage/Subject": "Welcome Noob",
                      "emailMessage/Body": "<p>Welcome :@{outputs('Get_a_row_by_ID_2')?['body/crca7_employeename']}\n\n<br>\n<a href = \"@{variables('vRedirectURL')}\"> Click Here </a>\n</p>"
                    },
                    "authentication": "@parameters('$authentication')"
                  }
                }
              }
            }
          },
          "default": {
            "actions": {}
          },
          "expression": "@outputs('Get_a_row_by_ID')?['body/stagename']",
          "metadata": {
            "operationMetadataId": "8e48903b-3fcc-4d74-a1f8-9d252714780c"
          },
          "type": "Switch"
        },
        "Initialize_variable": {
          "runAfter": {
            "Get_a_row_by_ID_2": [
              "Succeeded"
            ]
          },
          "metadata": {
            "operationMetadataId": "db457728-d785-4f58-9ec6-b53fc8210708"
          },
          "type": "InitializeVariable",
          "inputs": {
            "variables": [
              {
                "name": "vRedirectURL",
                "type": "string",
                "value": "https://org574f4ebd.crm5.dynamics.com/main.aspx?appid=d665abff-cfda-ec11-bb3c-000d3ac6d743&pagetype=entityrecord&etn=crca7_employeeonboard&id=@{outputs('Get_a_row_by_ID_2')?['body/crca7_employeeonboardid']}"
              }
            ]
          }
        }
      }
    }
  },
  "schemaVersion": "1.0.0.0"
}