<appaction uniquename="crca7__SideDialog!c4be1df51fe0468987fe806c7b8ed503!crca7_HROBProcess!new_employeeobbpf!1">
  <appmoduleid>
    <uniquename>crca7_HROBProcess</uniquename>
  </appmoduleid>
  <buttonlabeltext default="SideDialog">
    <label description="SideDialog" languagecode="1033" />
  </buttonlabeltext>
  <buttonsequencepriority>10.0000000000</buttonsequencepriority>
  <context>1</context>
  <contextentity>
    <logicalname>new_employeeobbpf</logicalname>
  </contextentity>
  <contextvalue>new_employeeobbpf</contextvalue>
  <hidden>0</hidden>
  <iscustomizable>1</iscustomizable>
  <isgrouptitlehidden>0</isgrouptitlehidden>
  <location>1</location>
  <name>SideDialog!c4be1df51fe0468987fe806c7b8ed503</name>
  <onclickeventjavascriptfunctionname>loadSideDialog</onclickeventjavascriptfunctionname>
  <onclickeventjavascriptparameters>[]</onclickeventjavascriptparameters>
  <onclickeventjavascriptwebresourceid>
    <webresourceid>b4be348d-4bdb-ec11-bb3c-000d3ac6d743</webresourceid>
  </onclickeventjavascriptwebresourceid>
  <onclickeventtype>2</onclickeventtype>
  <statecode>0</statecode>
  <statuscode>1</statuscode>
  <type>0</type>
  <visibilitytype>0</visibilitytype>
</appaction>