<appaction uniquename="crca7__Show!9318620b52aa44348d56781b48a44d38!crca7_HROBProcess!crca7_employeeonboard!1">
  <appmoduleid>
    <uniquename>crca7_HROBProcess</uniquename>
  </appmoduleid>
  <buttonlabeltext default="Showw">
    <label description="Showw" languagecode="1033" />
  </buttonlabeltext>
  <buttonsequencepriority>10.0000000000</buttonsequencepriority>
  <context>1</context>
  <contextentity>
    <logicalname>crca7_employeeonboard</logicalname>
  </contextentity>
  <contextvalue>crca7_employeeonboard</contextvalue>
  <fonticon>$clientsvg:PageCompleted</fonticon>
  <hidden>0</hidden>
  <iscustomizable>1</iscustomizable>
  <isgrouptitlehidden>0</isgrouptitlehidden>
  <location>1</location>
  <name>Show!9318620b52aa44348d56781b48a44d38</name>
  <onclickeventjavascriptfunctionname>Openn</onclickeventjavascriptfunctionname>
  <onclickeventjavascriptparameters>[]</onclickeventjavascriptparameters>
  <onclickeventjavascriptwebresourceid>
    <webresourceid>b4be348d-4bdb-ec11-bb3c-000d3ac6d743</webresourceid>
  </onclickeventjavascriptwebresourceid>
  <onclickeventtype>2</onclickeventtype>
  <statecode>0</statecode>
  <statuscode>1</statuscode>
  <type>0</type>
  <visibilitytype>0</visibilitytype>
</appaction>