<appaction uniquename="crca7__ShowPage!2f5a768d56e149768f77675fb31bc4ba!crca7_HROBProcess!crca7_employeeonboard!1">
  <appmoduleid>
    <uniquename>crca7_HROBProcess</uniquename>
  </appmoduleid>
  <buttonlabeltext default="Show Page">
    <label description="Show Page" languagecode="1033" />
  </buttonlabeltext>
  <buttonsequencepriority>10.0000000000</buttonsequencepriority>
  <context>1</context>
  <contextentity>
    <logicalname>crca7_employeeonboard</logicalname>
  </contextentity>
  <contextvalue>crca7_employeeonboard</contextvalue>
  <fonticon>AccessFile</fonticon>
  <hidden>0</hidden>
  <iscustomizable>1</iscustomizable>
  <isgrouptitlehidden>0</isgrouptitlehidden>
  <location>1</location>
  <name>ShowPage!2f5a768d56e149768f77675fb31bc4ba</name>
  <onclickeventjavascriptfunctionname>showPage</onclickeventjavascriptfunctionname>
  <onclickeventjavascriptparameters>[]</onclickeventjavascriptparameters>
  <onclickeventjavascriptwebresourceid>
    <webresourceid>b4be348d-4bdb-ec11-bb3c-000d3ac6d743</webresourceid>
  </onclickeventjavascriptwebresourceid>
  <onclickeventtype>2</onclickeventtype>
  <statecode>0</statecode>
  <statuscode>1</statuscode>
  <type>0</type>
  <visibilitytype>0</visibilitytype>
</appaction>