<appaction uniquename="crca7__PowerFX!9acd000861904e9abdb9afa38a34d276!crca7_HROBProcess!new_employeeobbpf!1">
  <appmoduleid>
    <uniquename>crca7_HROBProcess</uniquename>
  </appmoduleid>
  <buttonlabeltext default="PowerFX">
    <label description="PowerFX" languagecode="1033" />
  </buttonlabeltext>
  <buttonsequencepriority>10.0000000000</buttonsequencepriority>
  <context>1</context>
  <contextentity>
    <logicalname>new_employeeobbpf</logicalname>
  </contextentity>
  <contextvalue>new_employeeobbpf</contextvalue>
  <fonticon>AALinkedInLogo</fonticon>
  <hidden>0</hidden>
  <iscustomizable>1</iscustomizable>
  <isgrouptitlehidden>0</isgrouptitlehidden>
  <location>1</location>
  <name>PowerFX!9acd000861904e9abdb9afa38a34d276</name>
  <onclickeventformulacomponentlibraryid>
    <name>crca7_hrobprocessdefaultcommandlibrary_5ab0c</name>
  </onclickeventformulacomponentlibraryid>
  <onclickeventformulacomponentname>cc349a330047444aa9d0532674978dc6</onclickeventformulacomponentname>
  <onclickeventformulafunctionname>OnSelect</onclickeventformulafunctionname>
  <onclickeventtype>1</onclickeventtype>
  <statecode>0</statecode>
  <statuscode>1</statuscode>
  <type>0</type>
  <visibilitytype>0</visibilitytype>
</appaction>