<appaction uniquename="crca7__loadSide!d5c1303d55064083852cc9031c784c22!crca7_HROBProcess!crca7_employeeonboard!1">
  <appmoduleid>
    <uniquename>crca7_HROBProcess</uniquename>
  </appmoduleid>
  <buttonlabeltext default="loadFull">
    <label description="loadFull" languagecode="1033" />
  </buttonlabeltext>
  <buttonsequencepriority>10.0000000000</buttonsequencepriority>
  <context>1</context>
  <contextentity>
    <logicalname>crca7_employeeonboard</logicalname>
  </contextentity>
  <contextvalue>crca7_employeeonboard</contextvalue>
  <fonticon>AALinkedInLogo</fonticon>
  <hidden>1</hidden>
  <iscustomizable>1</iscustomizable>
  <isgrouptitlehidden>0</isgrouptitlehidden>
  <location>1</location>
  <name>loadSide!d5c1303d55064083852cc9031c784c22</name>
  <onclickeventjavascriptfunctionname>loadSideDialog1</onclickeventjavascriptfunctionname>
  <onclickeventjavascriptparameters>[]</onclickeventjavascriptparameters>
  <onclickeventjavascriptwebresourceid>
    <webresourceid>b4be348d-4bdb-ec11-bb3c-000d3ac6d743</webresourceid>
  </onclickeventjavascriptwebresourceid>
  <onclickeventtype>2</onclickeventtype>
  <statecode>0</statecode>
  <statuscode>1</statuscode>
  <type>0</type>
  <visibilitytype>0</visibilitytype>
</appaction>